,prog,i,hours,gender,effort,weight_loss,satiscont,satisfied
1,1,1,1.836703542,0,37.71218433,18.02226347,3.842608971,0
2,1,2,2.389360188,0,26.72401476,10.1864161,4.850139683,0
3,1,3,2.362116791,0,36.31657283,19.74727553,5.888354883,0
4,1,4,2.52086572,0,20.7004757,1.883600143,6.385124618,0
5,1,5,1.889827666,0,24.72711748,14.24258864,4.249327069,0
6,1,6,2.367161891,0,33.66948321,19.69473057,4.226854966,0
7,1,7,1.949107964,0,31.39032768,11.7246702,3.810734425,0
8,1,8,2.206682735,0,39.71184648,22.0247335,5.812399281,0
9,1,9,2.512484494,0,27.62546419,8.180141463,2.786176042,0
10,1,10,2.170512167,0,19.15406788,5.028615981,7.570584454,1
11,1,11,2.015928988,0,38.37072433,17.80410435,1.209116352,0
12,1,12,2.212620882,0,33.65561797,16.26044312,3.977939644,0
13,1,13,1.85452118,0,24.13623501,6.978069671,6.676993205,0
14,1,14,2.244969442,0,30.46196585,11.98087867,-2.501328185,0
15,1,15,1.665464152,0,26.16576687,13.67266539,8.410882803,1
16,1,16,2.556611438,0,34.74464748,15.52679561,5.832282429,0
17,1,17,2.100871236,0,36.3883663,13.48562696,7.334257308,1
18,1,18,1.336033903,0,25.2280273,4.474920311,5.312903882,0
19,1,19,1.432426557,0,23.25368036,9.47229805,7.984687487,1
20,1,20,2.238887607,0,29.95571335,7.448606388,3.977992442,0
21,1,21,2.49305416,0,34.39176553,11.21288973,11.05331292,1
22,1,22,1.863657214,0,25.3877601,8.382513517,-0.692735135,0
23,1,23,2.428878799,0,34.61634082,13.28714885,10.51645275,1
24,1,24,1.520704335,0,29.88261036,12.0506537,1.994311569,0
25,1,25,1.43485331,0,30.23579748,7.170091896,3.201045118,0
26,1,26,2.225257342,0,31.98490502,14.79979909,8.860811763,1
27,1,27,1.363075456,0,30.31811492,6.600820391,5.286364517,0
28,1,28,1.834287042,0,31.30938152,11.36594786,6.744352356,0
29,1,29,1.877800222,0,33.52393998,7.488849326,3.2007413,0
30,1,30,2.708712968,0,32.12480037,10.07128506,11.0072104,1
31,1,31,2.229815056,0,35.13001449,21.91954862,4.988980836,0
32,1,32,2.039479289,0,27.01187716,10.97832564,7.878774766,1
33,1,33,1.959714853,0,32.02671589,8.433633614,5.616901319,0
34,1,34,1.835891815,0,29.65850433,9.174358868,7.258561219,1
35,1,35,1.766257821,0,26.40925774,15.84447684,3.761154548,0
36,1,36,1.000784944,0,29.50746406,11.94964001,3.993899077,0
37,1,37,1.86565959,0,24.76497026,13.00967528,1.326367133,0
38,1,38,1.736758718,0,34.98340117,16.60682791,9.330303082,1
39,1,39,2.477396286,0,35.34357447,13.11369231,5.434608155,0
40,1,40,1.907683682,0,27.68683796,5.99772217,4.060877208,0
41,1,41,2.566611211,0,29.32831334,12.66003644,6.139406945,0
42,1,42,2.558896756,0,29.11949614,10.04821927,9.427213152,1
43,1,43,2.29968755,0,25.35655028,6.761342126,6.909585795,0
44,1,44,2.020766522,0,32.2723065,14.8250966,5.979464142,0
45,1,45,2.194921374,0,32.06365916,18.0908656,4.095328461,0
46,1,46,1.856932002,0,27.64677892,5.068046623,6.724842476,0
47,1,47,1.905674805,0,24.35800013,6.835853242,4.949614293,0
48,1,48,0.864675741,0,29.88351049,2.931162894,0.296499449,0
49,1,49,2.701669383,0,29.73306854,19.73190337,5.545242187,0
50,1,50,1.956391034,0,19.7921834,0.192628323,5.363544922,0
51,1,51,1.457733776,0,37.15931799,15.71459124,2.824752001,0
52,1,52,1.986759502,0,22.0819144,5.554805424,5.985116081,0
53,1,53,1.117538241,0,29.86124436,-1.246788854,9.534495364,1
54,1,54,1.768066016,0,29.87508589,8.56256752,6.980264263,0
55,1,55,2.053212484,0,33.26178493,11.62768274,4.922110874,0
56,1,56,1.681851911,0,19.22168856,2.154387979,0.992509175,0
57,1,57,1.957242781,0,28.46855664,15.49346497,4.828865242,0
58,1,58,1.501148086,0,36.88834294,17.55136516,2.048810014,0
59,1,59,1.517399257,0,28.18477543,9.943101505,1.814430477,0
60,1,60,1.399858084,0,27.35939135,8.59428103,3.140233439,0
61,1,61,1.664998444,0,39.11672274,17.08228997,10.11696038,1
62,1,62,2.584304019,0,27.47183801,11.453814,9.290810551,1
63,1,63,2.145294112,0,41.58364749,21.56010146,6.699668486,0
64,1,64,2.628351282,0,40.84311094,22.5708634,2.406843014,0
65,1,65,2.596979457,0,25.05005837,10.23173052,7.76145828,1
66,1,66,2.079213409,0,19.69528843,0.588966095,3.18383188,0
67,1,67,2.15648794,0,26.33875825,11.04980252,-1.628459407,0
68,1,68,2.840855889,0,31.86554769,15.7945578,13.29568052,1
69,1,69,1.862501626,0,27.71264724,4.142106076,4.276938766,0
70,1,70,2.24059797,0,33.78926551,25.60492106,8.7226616,1
71,1,71,2.128768127,0,31.98136225,16.99576672,5.409595306,0
72,1,72,1.709905787,0,28.24412276,12.07673229,3.584463813,0
73,1,73,2.751950456,0,19.40414301,0.89343488,9.104805752,1
74,1,74,2.94277753,0,31.48438723,12.14168351,10.44888483,1
75,1,75,1.728336002,0,32.79176091,9.862050015,8.45987322,1
76,1,76,2.508043541,0,24.83519026,2.981785604,7.62521694,1
77,1,77,1.527968327,0,32.60643415,14.36620345,3.408375896,0
78,1,78,2.420892728,0,42.50158879,18.96260536,6.889064358,0
79,1,79,2.552154451,0,25.85781631,3.309688383,3.720447006,0
80,1,80,2.10742639,0,27.12199798,5.177439695,9.223208053,1
81,1,81,1.534771789,0,28.61803768,8.385867793,5.54513902,0
82,1,82,3.008793819,0,31.15620201,10.6590941,8.927186568,1
83,1,83,1.652388998,0,24.34279387,-3.74332552,1.908531193,0
84,1,84,1.691441867,0,37.1375777,10.23557674,1.83670195,0
85,1,85,1.336735664,0,28.39070841,6.31555152,7.982672312,1
86,1,86,1.523157248,0,22.87466175,5.328760564,-0.571828064,0
87,1,87,3.206742519,0,34.81758382,20.05642597,5.552999649,0
88,1,88,1.69617632,0,16.78225048,-0.108963695,3.781452146,0
89,1,89,1.129618695,0,35.12620061,8.297955127,3.762616255,0
90,1,90,2.498399122,0,32.63693126,15.79836076,5.685426013,0
91,1,91,1.3326207,0,36.03775904,18.59235488,3.787724418,0
92,1,92,1.523482744,0,26.57235809,8.774950882,6.900319349,0
93,1,93,2.337298472,0,32.10614997,14.01851232,4.790686559,0
94,1,94,1.480263886,0,24.5629347,11.50818258,4.419058858,0
95,1,95,1.885167516,0,32.36458954,16.36109531,3.354392184,0
96,1,96,1.990027152,0,26.74281071,9.669840543,2.593441474,0
97,1,97,2.631421062,0,32.52992818,14.51559546,9.525744495,1
98,1,98,2.499087932,0,34.39723084,20.6910045,3.135677446,0
99,1,99,2.120418115,0,31.00376916,7.289008633,5.242963546,0
100,1,100,2.332479029,0,30.85967885,13.41703999,12.3671557,1
101,1,101,1.9889973,0,24.97051687,14.21799116,2.2037804,0
102,1,102,3.227836588,0,32.21228643,15.81145021,5.682546316,0
103,1,103,1.877562388,0,34.37952705,16.54560732,2.588126722,0
104,1,104,1.511545452,0,34.39730005,11.8782301,6.642697712,0
105,1,105,1.791984309,0,26.81188231,12.16574219,7.061796875,1
106,1,106,1.734408076,0,29.30078439,10.96223704,0.453738777,0
107,1,107,1.529283229,0,28.68895002,12.60598158,5.204493433,0
108,1,108,2.005754482,0,31.76923202,15.33496155,7.975347694,1
109,1,109,1.831565567,0,36.32779524,20.50121695,3.586955901,0
110,1,110,1.420416779,0,29.7204832,2.318710675,-1.722362828,0
111,1,111,1.955140946,0,37.27440926,20.79209444,5.177972998,0
112,1,112,1.244143557,0,28.77686179,12.33513618,6.583038052,0
113,1,113,2.018621922,0,31.74010928,16.49321679,10.37257141,1
114,1,114,3.074223813,0,30.85420307,16.00072761,10.25760625,1
115,1,115,2.623871724,0,32.46406812,19.42000193,6.076018532,0
116,1,116,1.340269871,0,27.19567307,5.592401191,3.971527467,0
117,1,117,2.959283477,0,30.81494461,12.09978273,9.757755989,1
118,1,118,2.719305565,0,28.07638345,7.5897248,6.967697423,0
119,1,119,2.401474723,0,26.67637747,10.17473058,10.47124101,1
120,1,120,2.394859708,0,32.07875784,11.32236764,9.310794539,1
121,1,121,1.922653607,0,35.48685976,18.41236543,4.932010792,0
122,1,122,2.761208302,0,25.42713384,9.771100111,10.40671396,1
123,1,123,2.068969717,0,33.26623603,19.77726866,7.214719402,1
124,1,124,1.236609379,0,33.7114454,11.01937509,4.600126088,0
125,1,125,2.196270043,0,32.02755668,13.15320116,5.005435422,0
126,1,126,2.056252056,0,30.50233779,4.002429675,8.980306435,1
127,1,127,1.955885588,0,24.72234809,9.889181149,3.760724578,0
128,1,128,1.767425767,0,24.83447466,7.704889295,5.990202077,0
129,1,129,2.099675607,0,28.5290929,8.307973105,7.100971372,1
130,1,130,2.366035633,0,33.55661531,17.66896959,5.445131881,0
131,1,131,2.337987944,0,39.20467507,26.66716496,6.577540761,0
132,1,132,2.835298346,0,33.05021749,23.45931025,12.80166907,1
133,1,133,1.823261571,0,40.44694102,12.26136116,3.312969664,0
134,1,134,2.022311031,0,37.53808239,17.24446097,6.523011055,0
135,1,135,1.456378669,0,17.51012882,1.222189202,7.746394377,1
136,1,136,1.556859932,0,21.25832955,8.70997747,4.77674602,0
137,1,137,1.936462544,0,29.83005974,14.87561623,4.558241315,0
138,1,138,1.744685408,0,33.65265155,7.918722829,7.74162404,1
139,1,139,2.059815042,0,36.2153288,16.25545485,2.362247614,0
140,1,140,1.269769325,0,30.07202991,8.481442864,9.267752256,1
141,1,141,2.032899031,0,32.75854843,15.5684311,3.63031539,0
142,1,142,1.534196235,0,27.51758858,2.66071274,7.771711698,1
143,1,143,1.315054629,0,24.05022729,9.77091525,2.096333886,0
144,1,144,2.379161051,0,32.74524887,13.22021777,8.202506078,1
145,1,145,1.503160705,0,31.43899823,11.93027462,8.578787954,1
146,1,146,2.225232209,0,28.00984922,15.84148764,8.790036503,1
147,1,147,1.673718417,0,23.59014861,3.323792504,6.41955666,0
148,1,148,1.918619028,0,32.68346727,11.78908038,6.750955895,0
149,1,149,1.604954472,0,25.11583713,8.620310105,1.930477812,0
150,1,150,2.808948055,0,44.01200521,30.81278197,4.608349352,0
151,1,151,2.451113085,1,27.09918704,4.265271938,9.655410542,1
152,1,152,2.309262784,1,24.02615372,7.559304217,5.437444805,0
153,1,153,2.652482035,1,29.24401986,11.07256696,9.137670538,1
154,1,154,1.661609899,1,31.63608732,6.854835512,-0.203742566,0
155,1,155,1.864367822,1,31.77664027,0.94298187,7.259608255,1
156,1,156,1.429522177,1,22.65847996,-4.884493917,6.449072998,0
157,1,157,1.639186079,1,24.13370875,-1.386409156,11.89281528,1
158,1,158,2.648500054,1,32.56188419,12.23964809,7.663845861,1
159,1,159,1.371838547,1,41.77442687,6.66755175,0.727475463,0
160,1,160,2.297189873,1,19.2136474,-2.670946752,4.772188341,0
161,1,161,1.881600897,1,42.03012144,7.57126979,7.051243721,1
162,1,162,1.7849241,1,25.14869211,-7.840372001,0.752393528,0
163,1,163,2.226117028,1,27.70262134,5.635589191,5.608358874,0
164,1,164,2.06353011,1,29.55548352,7.295250883,8.579480434,1
165,1,165,1.929575303,1,22.90918729,-1.278990152,4.687972968,0
166,1,166,2.373511503,1,31.17600742,13.97257238,5.036067952,0
167,1,167,2.241957736,1,24.16337824,2.437959436,5.345242435,0
168,1,168,1.970742386,1,22.77681941,3.181888442,11.29174039,1
169,1,169,1.261285744,1,30.44100088,5.802773329,0.462930248,0
170,1,170,2.625107888,1,22.99087782,5.054321226,7.600468268,1
171,1,171,1.919179649,1,27.72969121,1.142504042,4.778732618,0
172,1,172,2.432544683,1,22.55666096,-1.012727271,10.07966888,1
173,1,173,0.896931353,1,29.54852441,-1.300106891,0.930322568,0
174,1,174,1.702563201,1,28.52808176,-1.184700004,7.178927622,1
175,1,175,1.514351913,1,34.10170683,0.839344441,4.20614104,0
176,1,176,1.503272003,1,26.7696547,-1.348299611,-0.333249896,0
177,1,177,1.223838621,1,32.71210202,-4.046370598,6.723503796,0
178,1,178,2.108369825,1,34.1911079,17.07517148,5.878450258,0
179,1,179,2.866532748,1,34.76155893,14.17856631,8.25975158,1
180,1,180,2.217030678,1,28.06947272,8.694731043,9.293377136,1
181,1,181,1.927567626,1,33.67543063,5.602395154,10.33616565,1
182,1,182,2.056838483,1,32.03991116,7.276574529,3.770775315,0
183,1,183,2.41101828,1,36.66416353,13.28283615,8.30779508,1
184,1,184,1.793691182,1,27.78269751,2.901078304,9.867465588,1
185,1,185,2.217564644,1,32.32343955,5.121604098,7.223236452,1
186,1,186,2.509460586,1,34.57374678,11.43404611,3.895857272,0
187,1,187,1.05131306,1,37.16381125,-1.338385938,8.610553276,1
188,1,188,2.175021284,1,28.71966731,7.692728083,7.423882119,1
189,1,189,2.2089628,1,22.84700237,4.715287834,5.98819462,0
190,1,190,1.149510908,1,34.82652576,-5.289447864,-1.627631164,0
191,1,191,2.211909336,1,27.67414001,1.088921909,11.65102985,1
192,1,192,1.568050277,1,36.63718303,4.569408107,3.176265463,0
193,1,193,2.273168243,1,31.08278017,6.569895608,1.147494353,0
194,1,194,2.045729133,1,29.3584173,0.598803086,4.812790656,0
195,1,195,2.691039384,1,28.48640167,9.961046838,9.570132724,1
196,1,196,1.785371753,1,25.96653892,8.829935929,3.110649849,0
197,1,197,1.266677421,1,36.7838834,-1.817629888,4.112616643,0
198,1,198,1.849433818,1,29.62932874,0.467520436,2.678207237,0
199,1,199,1.992681061,1,28.16688013,5.77876483,8.773414793,1
200,1,200,2.01007338,1,28.29475384,2.128255816,5.08715567,0
201,1,201,1.708885006,1,28.63518486,2.172546542,6.569549367,0
202,1,202,1.198850966,1,33.43691033,5.341769172,-1.242409927,0
203,1,203,2.181436893,1,23.39117802,5.331616798,7.958778167,1
204,1,204,1.766976923,1,28.38241978,1.633664394,2.701835691,0
205,1,205,1.114307965,1,27.36217,-11.06019306,-3.551854313,0
206,1,206,2.279594458,1,33.96202872,11.05737087,4.501123101,0
207,1,207,2.298609142,1,31.34896198,3.268562088,4.919412028,0
208,1,208,1.891746258,1,23.54267968,-7.958889202,1.252790295,0
209,1,209,2.466410124,1,26.22947511,5.736233121,5.016412934,0
210,1,210,1.52472598,1,30.47336475,-9.8147919,1.126183739,0
211,1,211,2.344647536,1,29.10804452,3.266438079,9.519447846,1
212,1,212,1.039580789,1,29.87357789,-6.190263385,9.483320097,1
213,1,213,1.638004402,1,29.22704913,6.644769149,-0.779742483,0
214,1,214,2.237947966,1,35.57083943,12.08389645,7.102557603,1
215,1,215,1.379310421,1,32.83944262,-2.165881295,9.339280655,1
216,1,216,2.156243732,1,20.41391035,1.39712755,3.952107807,0
217,1,217,0.99618864,1,35.68335356,-1.867672492,2.309492423,0
218,1,218,2.087477044,1,24.36722552,0.583518436,8.376021559,1
219,1,219,2.148499625,1,29.31438698,2.342692639,7.91386047,1
220,1,220,2.526068921,1,33.12142422,17.32589992,8.622220726,1
221,1,221,2.721077229,1,29.92465021,7.305182996,2.191095875,0
222,1,222,2.746028843,1,32.88359418,16.73770261,8.775961082,1
223,1,223,2.538934023,1,34.01433625,15.60524203,9.861378381,1
224,1,224,1.894700184,1,28.6566963,4.33273259,9.856570702,1
225,1,225,2.129756951,1,36.32078288,3.52097668,4.471134349,0
226,1,226,2.324240204,1,26.52593714,12.29824101,7.248132889,1
227,1,227,1.609936322,1,34.84933716,5.879858991,3.912173743,0
228,1,228,1.901250443,1,26.44594811,1.666442026,2.16640185,0
229,1,229,1.991427157,1,35.07959543,9.664465628,6.881908206,0
230,1,230,2.811353378,1,28.92750356,17.97193542,11.98571134,1
231,1,231,2.185529172,1,36.23061676,6.475179031,5.488239009,0
232,1,232,1.965339711,1,18.73851762,-7.176443192,3.248938659,0
233,1,233,1.953491937,1,32.36428122,11.97272982,10.61115102,1
234,1,234,1.770592573,1,30.0315938,0.806542062,1.772909935,0
235,1,235,2.544701064,1,23.79717645,12.45286279,4.423925487,0
236,1,236,1.651833701,1,31.4111317,5.654062071,3.843438024,0
237,1,237,1.788934452,1,26.72866104,2.404497287,5.659248945,0
238,1,238,2.356751243,1,26.53413459,12.42335576,3.520512292,0
239,1,239,2.778892931,1,20.16726293,0.997138173,7.557212328,1
240,1,240,1.565308299,1,28.62907392,-5.186867731,4.74265771,0
241,1,241,1.678557747,1,23.35265096,-3.340374261,7.892985971,1
242,1,242,1.644862795,1,31.59783807,2.933700023,10.45835738,1
243,1,243,2.173681627,1,32.91435978,7.764951976,6.294764565,0
244,1,244,1.292630055,1,30.6097225,-4.040597677,2.67011279,0
245,1,245,1.327328872,1,28.44524177,-5.573334519,3.250095356,0
246,1,246,1.936338421,1,26.70302051,1.876790997,6.122521841,0
247,1,247,2.157454429,1,33.14165941,4.924681128,8.697487443,1
248,1,248,1.571172554,1,37.50555966,4.913901004,4.425289502,0
249,1,249,1.955969872,1,20.33880644,-2.36344045,7.156450919,1
250,1,250,2.125483854,1,31.7230031,5.308333896,5.073906471,0
251,1,251,1.839691287,1,36.64802063,4.453123591,3.35112723,0
252,1,252,1.13567452,1,27.62332516,-13.13797745,6.076689378,0
253,1,253,2.028884538,1,33.59330447,13.98144144,5.371801024,0
254,1,254,2.386926178,1,31.02621822,8.860772712,6.521911233,0
255,1,255,1.513456719,1,35.82733438,6.473269756,6.768835541,0
256,1,256,2.000053995,1,30.10857933,-0.217715881,5.632605747,0
257,1,257,2.799999677,1,34.55081651,23.14150211,4.271854727,0
258,1,258,1.180744597,1,33.78387814,-5.676177296,2.321480847,0
259,1,259,1.591763435,1,35.60424126,8.697034788,2.461799525,0
260,1,260,2.370960937,1,33.88961015,12.53730936,5.595984605,0
261,1,261,2.393726377,1,33.36035291,10.04111782,7.761011937,1
262,1,262,2.346471829,1,29.87282183,4.636382732,5.86659763,0
263,1,263,1.500328865,1,22.28541002,-4.837634001,7.982424752,1
264,1,264,2.836301053,1,41.91518301,23.2754496,10.38469788,1
265,1,265,2.069974971,1,38.05512148,6.485834934,7.015073329,1
266,1,266,2.354275492,1,32.40808178,15.59220953,10.69922272,1
267,1,267,2.970648358,1,29.55118096,3.851746317,9.738729486,1
268,1,268,2.12456531,1,28.60777933,13.3028305,3.142388437,0
269,1,269,1.813176895,1,28.24339936,-0.746444962,4.251573251,0
270,1,270,1.869893913,1,31.83260146,4.579191573,3.021913806,0
271,1,271,2.198402564,1,24.53648907,4.210993574,3.316061895,0
272,1,272,2.052587072,1,30.15226203,2.733922133,7.217521558,1
273,1,273,0.668341632,1,25.68453254,-5.477191707,2.003402669,0
274,1,274,1.557110735,1,27.32527138,-0.803155733,4.81233609,0
275,1,275,1.977653407,1,36.75557452,7.848263756,5.799661251,0
276,1,276,1.809473313,1,35.11126239,2.626247544,4.339397926,0
277,1,277,2.283878839,1,25.09288402,-0.36038718,3.021872032,0
278,1,278,2.269551093,1,41.01456569,14.44806105,4.454073014,0
279,1,279,1.585122236,1,24.81871545,-4.377123097,4.78243685,0
280,1,280,1.617011197,1,23.35459641,-9.438920396,0.522676289,0
281,1,281,2.358486849,1,31.28650801,14.7913881,3.947603431,0
282,1,282,1.716943247,1,26.71493372,-0.058835726,10.28601153,1
283,1,283,1.979328574,1,34.54712411,8.29264475,8.353855442,1
284,1,284,2.36937552,1,33.7450652,7.953929392,11.88133119,1
285,1,285,1.467519854,1,24.53701531,0.288769936,4.58286757,0
286,1,286,2.218057886,1,25.06562402,4.657062695,11.99166968,1
287,1,287,1.399631898,1,23.29443144,-4.932004495,1.797728173,0
288,1,288,2.229776748,1,28.36922307,-3.591117595,7.095352947,1
289,1,289,1.493375919,1,33.56646327,5.158278347,5.75540654,0
290,1,290,1.450901427,1,22.85223392,-9.813676167,2.956058129,0
291,1,291,2.127043509,1,33.41549719,7.326626955,7.467715555,1
292,1,292,2.39351732,1,30.1677127,14.39829835,6.626762911,0
293,1,293,1.846662096,1,26.52968382,0.64142394,1.30910552,0
294,1,294,2.601102489,1,26.35253769,10.44765222,8.669308402,1
295,1,295,1.697761253,1,24.86326792,7.004230157,-2.140182512,0
296,1,296,1.822824061,1,27.45140118,10.21380937,4.36846483,0
297,1,297,1.464838998,1,40.40453852,3.583152031,5.653177004,0
298,1,298,1.837277411,1,36.69392594,16.75191688,1.705917405,0
299,1,299,1.614455145,1,27.89900404,3.910847304,6.305076309,0
300,1,300,2.110418073,1,25.23556832,7.130654777,4.027313308,0
301,2,1,2.280710737,0,33.47360468,31.90455755,5.507071187,0
302,2,2,1.467503672,0,26.20171602,14.87570237,12.4645933,1
303,2,3,2.036461517,0,29.75966085,27.56836562,6.406366532,0
304,2,4,2.558688863,0,39.8282915,42.0529412,8.542514101,0
305,2,5,1.771688222,0,30.52445925,20.62681563,6.531226563,0
306,2,6,1.744949828,0,33.52657313,31.0558431,-2.718731531,0
307,2,7,3.115876709,0,30.45158293,37.12969191,20.08737594,1
308,2,8,2.138779117,0,37.7849071,39.14494345,-6.533315327,0
309,2,9,1.140314608,0,32.73352964,14.99795422,10.5536767,0
310,2,10,1.778971683,0,34.50454655,28.88026152,2.985961481,0
311,2,11,2.513379875,0,39.28197883,38.39194393,14.40790638,1
312,2,12,1.824640235,0,32.77585921,20.25509572,5.532146044,0
313,2,13,1.657993903,0,34.04354337,19.25182693,9.805137002,0
314,2,14,1.698828958,0,25.45634844,23.15509779,13.85994488,1
315,2,15,2.422519245,0,25.29827956,24.92584579,26.35111303,1
316,2,16,2.301792324,0,27.49243336,19.87449036,2.053806169,0
317,2,17,1.973762818,0,29.30942637,17.90008918,0.018709042,0
318,2,18,1.817667377,0,30.54148265,17.67765216,7.85553027,0
319,2,19,2.16940855,0,27.48952329,22.41991761,9.570491741,0
320,2,20,2.380540238,0,33.68784831,26.66157086,8.934584762,0
321,2,21,2.044154949,0,29.33328742,25.38745459,10.64544171,0
322,2,22,2.47627246,0,22.19546031,25.57943123,17.31278756,1
323,2,23,1.89028985,0,26.83498931,16.12700634,11.7333819,1
324,2,24,2.459005008,0,34.67442562,29.60208322,9.88180838,0
325,2,25,2.042378182,0,29.07725135,19.06512394,4.744115692,0
326,2,26,1.302580802,0,29.72854204,19.90712252,6.489487745,0
327,2,27,1.289270878,0,25.66738261,12.67256169,16.45494153,1
328,2,28,2.167177707,0,34.47848136,34.77525404,-1.13382606,0
329,2,29,2.683453176,0,31.96754454,33.34206812,13.41134546,1
330,2,30,1.598363272,0,16.63726674,12.61147525,14.46418001,1
331,2,31,1.922411705,0,37.80489728,27.6027708,8.603311505,0
332,2,32,1.908624926,0,25.76864019,20.2156712,5.716808237,0
333,2,33,1.5973429,0,33.46419896,22.88980111,14.23784722,1
334,2,34,2.394756335,0,25.27893758,22.36233727,18.10213978,1
335,2,35,2.45893644,0,25.12406555,13.30411104,13.75444946,1
336,2,36,2.636415874,0,21.17138526,13.79376462,12.97043109,1
337,2,37,1.558804159,0,20.50952771,13.60277277,10.40153753,0
338,2,38,0.987037958,0,26.65733304,15.44003102,-3.023806935,0
339,2,39,1.847636947,0,33.73737728,23.30085409,12.25726809,1
340,2,40,2.329204432,0,29.7709542,21.93841104,8.175444242,0
341,2,41,2.160932977,0,25.79619315,17.52441234,7.570349655,0
342,2,42,2.091647444,0,23.5935043,17.83907926,6.270623841,0
343,2,43,2.096936619,0,24.30144647,13.4723914,13.43488568,1
344,2,44,1.594147113,0,28.08084536,16.02469603,6.023109671,0
345,2,45,1.784753448,0,26.08708643,15.6408396,4.63585455,0
346,2,46,2.509975392,0,32.95585014,30.64547137,21.67425432,1
347,2,47,1.275615952,0,26.82292089,14.17379765,9.435172614,0
348,2,48,2.211334662,0,33.68208452,31.4187261,5.216383542,0
349,2,49,2.749366682,0,20.10621149,15.77436777,17.58090299,1
350,2,50,1.162022664,0,31.2194901,10.13891289,3.66379518,0
351,2,51,1.414858429,0,28.68674517,17.16419563,-0.155577164,0
352,2,52,1.540172946,0,31.6869999,16.66086992,13.33700934,1
353,2,53,1.764599124,0,30.82673423,22.34065092,2.710392657,0
354,2,54,1.001028073,0,34.25105971,13.41270509,-2.216553187,0
355,2,55,1.504226841,0,30.32543453,13.52134668,1.119690809,0
356,2,56,1.949650679,0,24.92224591,15.91945363,-0.861811807,0
357,2,57,1.24059803,0,28.0303611,13.38053798,-3.675490193,0
358,2,58,2.334119157,0,29.7406503,28.96284443,-1.531588581,0
359,2,59,1.678705343,0,41.88456184,34.70042157,6.081494986,0
360,2,60,2.004275937,0,23.20096096,19.13248834,7.275998359,0
361,2,61,2.034514581,0,27.72550427,20.80478656,15.27370919,1
362,2,62,1.615053464,0,33.03840065,16.63402889,5.784290411,0
363,2,63,1.614232514,0,30.68749455,23.235636,6.445822656,0
364,2,64,2.283249331,0,39.26553397,41.08519228,15.26935049,1
365,2,65,1.977410817,0,23.48834091,13.76516067,13.26625451,1
366,2,66,2.015003759,0,31.10668729,20.04647904,8.202222065,0
367,2,67,1.357664322,0,27.70518002,15.28219404,11.02151281,1
368,2,68,1.871136654,0,26.66066917,17.90809997,10.10765725,0
369,2,69,1.263867819,0,24.85934733,10.5263018,3.051091741,0
370,2,70,4.072218199,0,30.82915605,38.09216257,12.48321986,1
371,2,71,2.354044088,0,27.08206297,21.54374981,21.71154884,1
372,2,72,2.081584311,0,37.17971758,35.84628859,6.213461996,0
373,2,73,2.242624413,0,27.68813956,18.6180622,15.12619813,1
374,2,74,3.02836854,0,29.90209954,27.63406987,21.11003273,1
375,2,75,1.73719553,0,18.53790261,11.67515143,3.900729947,0
376,2,76,1.605326946,0,20.07828236,5.131908375,2.719862571,0
377,2,77,1.695819108,0,24.45329261,15.05699707,17.35569733,1
378,2,78,1.854371145,0,29.43695,18.11885439,17.58099886,1
379,2,79,1.621447774,0,28.25536108,22.42597715,-0.050952017,0
380,2,80,1.806256601,0,23.90821955,11.61102807,14.48032488,1
381,2,81,1.248066174,0,27.27439906,14.34014047,22.83863963,1
382,2,82,2.284554002,0,31.2499753,29.43127421,8.244781773,0
383,2,83,2.13156217,0,42.22196354,45.93037141,15.41024,1
384,2,84,1.493437209,0,29.22192775,14.9522118,7.155379844,0
385,2,85,2.040241268,0,21.49223952,16.35911375,13.71565609,1
386,2,86,2.174349684,0,30.34522093,20.50672616,9.460439179,0
387,2,87,2.266467562,0,29.01129138,23.38302643,5.37382101,0
388,2,88,2.04405521,0,30.2980127,22.68416801,13.42197649,1
389,2,89,1.047257528,0,28.51769572,11.20632988,-1.174715117,0
390,2,90,2.377808422,0,22.88672993,16.12939319,15.2421646,1
391,2,91,1.598343216,0,30.71473728,27.38750041,13.39965252,1
392,2,92,2.497556766,0,31.33714817,31.02447209,11.67800343,1
393,2,93,0.887997584,0,33.09239775,11.32965765,5.879662834,0
394,2,94,1.748292687,0,28.19364632,16.69203391,-5.866034331,0
395,2,95,2.04195192,0,27.64058154,22.21567016,16.71063451,1
396,2,96,1.767524465,0,32.57466289,21.17070981,16.82765945,1
397,2,97,2.300159709,0,23.72494876,20.24295905,12.64190495,1
398,2,98,2.671987239,0,21.31555623,14.66675168,11.77372239,1
399,2,99,1.540869088,0,26.82340361,11.38529149,17.31076163,1
400,2,100,2.192430051,0,32.5405084,26.96965479,14.92302499,1
401,2,101,2.622807584,0,34.51582399,41.14938387,15.86311937,1
402,2,102,1.942664005,0,27.63741337,18.19866129,4.878536823,0
403,2,103,2.041124505,0,30.52757463,20.28009693,16.64398575,1
404,2,104,1.992727062,0,29.43055814,19.08853873,4.567931001,0
405,2,105,1.838634638,0,30.08515339,27.50592848,14.46865377,1
406,2,106,1.309415562,0,37.94804383,16.79937208,4.907427128,0
407,2,107,2.503068081,0,33.80686549,36.0272082,18.23125936,1
408,2,108,2.876910983,0,42.24629155,50.21628985,22.64585385,1
409,2,109,2.353564917,0,15.1637539,3.350044477,14.23626613,1
410,2,110,1.761362374,0,30.58261947,23.70992846,13.32242436,1
411,2,111,2.058364368,0,34.72163258,37.26114922,10.59186902,0
412,2,112,1.990206501,0,32.82480617,31.57136705,13.76078018,1
413,2,113,2.13428723,0,33.63715919,25.47968135,-1.751584877,0
414,2,114,1.606586406,0,32.65810702,24.56762154,9.689709815,0
415,2,115,2.128397391,0,40.40144085,37.39421211,0.706358066,0
416,2,116,0.922618745,0,44.07604078,24.1238264,13.72273914,1
417,2,117,1.810092133,0,30.23229859,18.52140651,14.27529505,1
418,2,118,2.607528719,0,32.82779453,35.69404088,14.60176322,1
419,2,119,1.358517108,0,29.91107956,13.67138281,4.693853166,0
420,2,120,1.414927837,0,30.06796207,18.00451462,2.950050608,0
421,2,121,2.290251207,0,25.51790303,20.70888687,17.89092888,1
422,2,122,1.986257889,0,27.94240201,18.13423786,11.88958551,1
423,2,123,3.08876034,0,22.94163151,21.92186203,12.03334107,1
424,2,124,1.377906104,0,41.14675117,30.03082682,5.740232486,0
425,2,125,1.894243809,0,27.52015902,21.23901832,13.73894239,1
426,2,126,2.365800447,0,36.61303556,38.89903609,11.76638399,1
427,2,127,1.701237486,0,29.50169179,16.04718692,-6.321890043,0
428,2,128,2.088084089,0,27.72583714,16.67833765,17.70243715,1
429,2,129,1.379335674,0,32.23818012,17.71343241,3.267218827,0
430,2,130,1.560945536,0,35.29382204,23.33835954,-0.257585121,0
431,2,131,2.085292049,0,24.94152753,20.50814653,9.109058853,0
432,2,132,2.627456344,0,30.79947193,34.67400743,11.43481281,1
433,2,133,1.680497355,0,32.5283664,22.94252157,17.4288468,1
434,2,134,2.794003646,0,30.2126321,27.29555458,10.46768537,0
435,2,135,2.337162349,0,27.6859638,18.21847509,18.85667069,1
436,2,136,2.18240802,0,28.97862574,24.32610565,8.367873087,0
437,2,137,2.217347396,0,36.72480691,37.47627851,7.181197617,0
438,2,138,2.078051797,0,30.52309119,29.2035969,0.978722138,0
439,2,139,2.614809245,0,23.89584931,19.71117922,15.96073781,1
440,2,140,2.308163021,0,24.28701424,7.964996042,7.793174652,0
441,2,141,2.121895329,0,22.60170187,16.62014007,20.23899828,1
442,2,142,1.993978292,0,22.4583232,20.81624136,11.32270752,1
443,2,143,1.970004229,0,33.68679843,28.48001244,10.89730843,0
444,2,144,1.712462844,0,29.94192376,23.07008581,2.305098411,0
445,2,145,2.248357281,0,32.80744655,34.03023154,2.564102791,0
446,2,146,2.563126766,0,34.82066215,33.54839879,14.0109888,1
447,2,147,2.128824874,0,30.42368676,19.07106893,2.888829097,0
448,2,148,1.282829446,0,34.74835563,14.2727041,1.872598608,0
449,2,149,1.721852372,0,31.4812329,27.51187325,11.32858468,1
450,2,150,2.057761469,0,28.8094715,28.12152156,12.24048534,1
451,2,151,1.928131085,1,29.11977942,25.84800041,1.259748496,0
452,2,152,1.652718747,1,21.84566734,15.21196341,20.13136333,1
453,2,153,3.689998029,1,24.67389722,20.0888943,16.81779654,1
454,2,154,1.673999234,1,31.41182307,30.25723683,13.57304223,1
455,2,155,1.883926832,1,28.70877248,30.27662028,-4.430725173,0
456,2,156,2.507860811,1,21.48337317,22.40266404,10.77816432,0
457,2,157,1.820589432,1,28.27278121,20.82058334,-0.798711957,0
458,2,158,1.563534953,1,41.76586007,35.12073768,2.660037397,0
459,2,159,1.375218063,1,31.01940989,31.60640664,13.13579406,1
460,2,160,2.332941375,1,25.32443813,20.48421569,4.539629128,0
461,2,161,2.291886082,1,26.26725957,25.56539208,11.83650745,1
462,2,162,1.800321613,1,36.31199575,34.17316213,5.579154794,0
463,2,163,2.660179526,1,32.65133648,35.98798987,18.89218916,1
464,2,164,1.545225838,1,30.62314826,27.7718869,-5.294472199,0
465,2,165,2.531527926,1,28.81869069,35.78457503,18.2696137,1
466,2,166,1.834708847,1,24.85388909,24.45204551,19.57959362,1
467,2,167,2.03703556,1,31.93892424,29.17036382,12.90278683,1
468,2,168,2.486482198,1,21.41099036,15.70531937,18.38514298,1
469,2,169,2.517938926,1,28.02775617,29.0262743,13.13358202,1
470,2,170,1.871858106,1,33.15664498,34.32243459,7.542611995,0
471,2,171,2.042050099,1,30.89672114,34.60024817,8.194472079,0
472,2,172,1.507516093,1,30.10801558,30.05895098,13.34246321,1
473,2,173,1.568114956,1,18.14772005,13.91182705,2.511696886,0
474,2,174,1.415081502,1,35.65543138,31.13905763,9.508032251,0
475,2,175,2.292181,1,27.94312294,23.13444284,9.07268839,0
476,2,176,1.777573523,1,26.98645943,20.28100105,8.977342271,0
477,2,177,2.085153014,1,36.58816938,34.76041975,5.973024006,0
478,2,178,1.68764378,1,27.24492081,28.47026479,5.708769385,0
479,2,179,3.063947721,1,26.28897017,30.00851699,8.545076277,0
480,2,180,2.012166906,1,30.51898138,25.79421597,10.92311626,0
481,2,181,2.0233771,1,28.66521541,35.12439628,1.115279582,0
482,2,182,1.722743058,1,28.74815336,25.74398266,3.391847399,0
483,2,183,1.180935009,1,25.02033525,28.5995445,3.924362453,0
484,2,184,2.566908974,1,33.1334571,38.41105663,14.11104007,1
485,2,185,1.341594147,1,25.94535631,20.80939197,-2.92561394,0
486,2,186,1.914599572,1,33.11132224,36.22010964,8.401566397,0
487,2,187,2.683452535,1,31.49528501,38.54709076,7.763064574,0
488,2,188,1.834439402,1,26.58834535,24.44003394,-3.265470168,0
489,2,189,2.107128144,1,37.23258128,42.90003153,4.337060596,0
490,2,190,2.020851207,1,27.86662202,19.50375767,5.639569168,0
491,2,191,2.012757242,1,26.27891308,21.51506604,8.782279458,0
492,2,192,2.263393958,1,18.5016216,17.52104837,16.0634486,1
493,2,193,2.410400313,1,26.47574098,31.22742464,24.60759039,1
494,2,194,1.48519906,1,32.74370888,33.53030236,2.03923648,0
495,2,195,2.054469916,1,29.80852549,26.97861841,6.903163279,0
496,2,196,1.76646481,1,32.71353471,33.48331377,2.21727911,0
497,2,197,2.070897712,1,41.64810172,44.82609305,-0.58632809,0
498,2,198,2.32214952,1,36.14914895,41.84030292,16.51150262,1
499,2,199,2.166084668,1,25.79701895,25.68848846,4.452840967,0
500,2,200,1.144735418,1,29.75178188,22.26190127,2.481143667,0
501,2,201,2.274650235,1,28.67378777,31.61686745,1.638858529,0
502,2,202,2.02187091,1,23.21355936,20.00499461,13.33241576,1
503,2,203,1.988079013,1,32.45922602,35.39438433,16.49320043,1
504,2,204,2.458087993,1,27.54010191,31.52728498,14.59272314,1
505,2,205,1.911170034,1,35.75943291,39.57021226,6.693393364,0
506,2,206,2.85082022,1,27.25483495,26.12521262,15.1331507,1
507,2,207,2.114789836,1,29.93530287,29.55366447,12.42488236,1
508,2,208,1.760088075,1,27.14960584,23.59104591,11.18174964,1
509,2,209,0.923115846,1,33.1029533,22.48566853,11.39851031,1
510,2,210,1.659796519,1,37.18331551,23.26829519,7.315617301,0
511,2,211,2.500447873,1,37.65540691,48.9834673,11.88246807,1
512,2,212,1.539290494,1,30.44944734,35.78260471,3.174984068,0
513,2,213,2.150921195,1,22.57524143,18.35811478,7.526220288,0
514,2,214,1.442526434,1,26.8868424,29.44659903,5.087844812,0
515,2,215,2.365756212,1,32.90658877,36.16556269,13.1721061,1
516,2,216,2.098982702,1,32.5568841,33.40663828,10.25450237,0
517,2,217,2.233682402,1,27.9097813,35.99983718,15.36677923,1
518,2,218,2.195378232,1,20.88501128,15.98512072,7.055103293,0
519,2,219,0.743567735,1,33.74980498,17.68641374,3.132556369,0
520,2,220,2.047062633,1,21.30782875,17.79175555,11.36705044,1
521,2,221,1.347611558,1,32.81552835,30.01610985,11.78695919,1
522,2,222,2.231649745,1,23.51035606,24.61326456,9.483339621,0
523,2,223,2.096233194,1,30.51279172,27.60935272,6.692167088,0
524,2,224,2.503847613,1,35.86348894,43.57867093,13.5503411,1
525,2,225,2.130919067,1,37.79199114,39.92294152,16.7301763,1
526,2,226,2.197148788,1,31.22832817,36.6118442,15.26988957,1
527,2,227,2.492371651,1,28.45884852,34.56425804,5.510651425,0
528,2,228,2.281359872,1,25.93881554,30.49746374,8.63343226,0
529,2,229,2.114997357,1,24.54979798,27.02082381,11.88338871,1
530,2,230,1.304601991,1,30.55313764,29.98485492,9.026133602,0
531,2,231,2.12614005,1,37.82010224,40.33876074,9.04253481,0
532,2,232,2.360278819,1,15.23393954,18.27205079,11.41854267,1
533,2,233,2.061786025,1,27.39480918,26.16519901,17.41131668,1
534,2,234,1.54310244,1,35.79625014,29.71159857,9.593760859,0
535,2,235,1.854208469,1,28.11873884,27.56027169,7.422417714,0
536,2,236,2.546024432,1,40.93464984,54.15045951,13.8824309,1
537,2,237,1.867833836,1,30.92187381,29.28750197,9.418320918,0
538,2,238,2.635346719,1,26.08556817,30.13954607,20.04932081,1
539,2,239,2.268258294,1,37.08796226,40.05665295,14.22766917,1
540,2,240,2.194668316,1,30.95580429,31.43912914,2.820269829,0
541,2,241,2.455016661,1,28.20505066,27.36336351,14.52356728,1
542,2,242,1.797834106,1,33.58929394,35.48160024,1.77069578,0
543,2,243,2.495385842,1,33.98948405,35.18034768,10.05972418,0
544,2,244,1.568967118,1,25.26471525,26.32729535,13.52790886,1
545,2,245,2.474727584,1,33.19533322,40.20039784,9.850072113,0
546,2,246,1.344405846,1,35.92233748,33.89378124,6.129366376,0
547,2,247,1.190844402,1,22.34493518,18.34637681,8.802495975,0
548,2,248,1.046925265,1,24.83995448,23.48211003,-1.496028035,0
549,2,249,1.342230003,1,30.61849712,29.58596994,3.431832241,0
550,2,250,2.004228765,1,22.71821439,12.18365929,16.72364907,1
551,2,251,2.044920841,1,33.69489714,40.95153889,11.03665647,1
552,2,252,2.269548387,1,19.65911334,16.71935395,15.31235476,1
553,2,253,1.80254639,1,30.31629333,26.79820321,15.19677981,1
554,2,254,2.490393931,1,26.76581728,24.68634842,7.030445657,0
555,2,255,0.649647227,1,32.91468498,13.72855508,-9.474489654,0
556,2,256,1.307603108,1,35.30143554,23.28355127,9.48807084,0
557,2,257,1.555137477,1,28.8380683,25.57031534,19.35009577,1
558,2,258,1.330098314,1,30.03280315,27.41584981,2.704388174,0
559,2,259,1.780035735,1,23.43206478,19.78508366,12.30360228,1
560,2,260,2.396134948,1,28.12571651,26.70696938,16.25768141,1
561,2,261,2.250594356,1,17.78070716,11.44565406,31.87884165,1
562,2,262,2.007659584,1,32.34578647,31.66324526,15.86831246,1
563,2,263,2.277618689,1,31.23234814,27.08571037,16.41204544,1
564,2,264,2.338392784,1,24.62098554,21.67458248,21.28773836,1
565,2,265,1.973760276,1,29.44713156,36.68818096,13.85456758,1
566,2,266,1.86971757,1,25.15082311,22.6435271,11.99367095,1
567,2,267,1.940796788,1,29.92033983,29.12292079,12.34243269,1
568,2,268,2.015802556,1,24.4809174,23.61894652,-2.32230577,0
569,2,269,3.038235473,1,33.92383127,35.69708322,12.03893548,1
570,2,270,2.425901808,1,23.19455645,18.98044125,28.49617453,1
571,2,271,2.032332699,1,28.11690001,27.63675581,4.73897028,0
572,2,272,1.388924348,1,24.46469144,26.20589281,14.17424724,1
573,2,273,1.864663226,1,36.00449118,29.99856864,2.317562032,0
574,2,274,3.197407775,1,26.33405219,33.32981749,28.15482933,1
575,2,275,2.591660935,1,34.95991477,44.35966969,18.08855664,1
576,2,276,1.591977755,1,28.37170402,23.56183537,5.578943891,0
577,2,277,2.400119105,1,34.87442473,36.69029958,21.83021443,1
578,2,278,1.390029064,1,21.02335497,19.08060871,8.728099941,0
579,2,279,2.554038731,1,32.36887547,30.71243502,13.98321563,1
580,2,280,1.747350709,1,24.30598942,22.91107209,21.28806648,1
581,2,281,3.08817015,1,34.86843913,40.95745415,22.2959105,1
582,2,282,2.212687039,1,24.42246076,25.27845544,15.19124641,1
583,2,283,2.176959601,1,29.52562456,36.68035466,8.391227036,0
584,2,284,1.88931581,1,38.6385605,50.20277462,14.46220999,1
585,2,285,1.932736345,1,24.69877183,28.22922211,16.60912075,1
586,2,286,1.309536886,1,34.38663066,34.71352102,11.02272223,1
587,2,287,2.556693816,1,35.96156978,43.22065704,7.887771028,0
588,2,288,1.745114015,1,24.37986681,30.68479705,10.46414483,0
589,2,289,1.811440227,1,36.99534303,31.68013916,6.416656463,0
590,2,290,1.868967575,1,32.40447331,34.02687139,14.5105911,1
591,2,291,2.238611409,1,34.53344772,35.08693434,7.090508907,0
592,2,292,1.915304989,1,29.97039453,27.33961867,15.36877155,1
593,2,293,1.504084569,1,31.47601539,31.15088537,16.42678476,1
594,2,294,1.310060584,1,30.12553909,27.74957805,-2.35164181,0
595,2,295,1.924600943,1,23.62913269,16.8399122,3.994740244,0
596,2,296,1.976761944,1,26.18075353,21.70197378,12.25461251,1
597,2,297,1.630171676,1,23.85364585,18.42574661,9.470186158,0
598,2,298,1.617238089,1,38.79313859,37.22547433,4.168393544,0
599,2,299,2.877839343,1,26.64978799,27.30329439,15.79854197,1
600,2,300,2.141997882,1,38.81696692,38.66590492,16.56515881,1
601,3,1,2.348580487,0,25.7384717,-0.906307575,-3.927806933,0
602,3,2,1.909882559,0,30.43334116,0.339197565,-3.794561489,0
603,3,3,2.282241111,0,29.33504843,-0.604529012,1.503815695,1
604,3,4,2.115096663,0,33.49094652,-0.909746717,-5.893390874,0
605,3,5,2.2188858,0,33.12980951,-1.697528879,0.941414771,1
606,3,6,2.180020382,0,15.99855205,-4.10602848,-0.272655112,0
607,3,7,1.03944932,0,30.75052849,-1.027258735,-4.361780413,0
608,3,8,2.481272794,0,32.0137049,-10.04734016,-7.019140853,0
609,3,9,1.91780522,0,30.81528118,-6.553905529,3.863626406,1
610,3,10,3.177911813,0,31.33497705,-12.52011221,-8.955515166,0
611,3,11,2.695610784,0,28.30257396,-4.238788772,0.030829143,1
612,3,12,2.394883432,0,29.58385187,0.001279143,-5.285022985,0
613,3,13,2.469978286,0,26.28962565,-7.756399154,1.869673428,1
614,3,14,1.47229584,0,17.57202299,-1.890469051,0.755206812,1
615,3,15,2.35309688,0,31.06734722,-7.823982786,-4.030700652,0
616,3,16,1.687870351,0,34.1500884,-5.230564853,-6.752641103,0
617,3,17,1.952946276,0,36.00666593,-2.19670526,4.276413674,1
618,3,18,2.001866034,0,30.00423609,-7.008538336,-3.262750339,0
619,3,19,2.16046839,0,27.11667459,-7.771700587,-4.620572406,0
620,3,20,1.1184937,0,26.75165466,4.273839565,0.063853366,1
621,3,21,2.319627237,0,24.03559871,-7.065053688,3.461813282,1
622,3,22,2.27469479,0,28.23641237,-2.081277014,-5.664568896,0
623,3,23,1.708215319,0,18.54283758,-0.242350967,2.698471308,1
624,3,24,1.670534493,0,28.2933344,-3.761451385,-3.614337278,0
625,3,25,1.919233305,0,29.15412247,2.482240575,-0.46108708,0
626,3,26,2.47746229,0,32.36572565,-5.129984424,-7.992356403,0
627,3,27,2.78186449,0,33.97203488,-7.991696346,6.060205916,1
628,3,28,3.05318975,0,23.42555323,-4.645074293,-0.157946849,0
629,3,29,2.639485964,0,32.26129356,-9.511893061,-0.99872811,0
630,3,30,2.257886934,0,23.09235603,-3.090760525,-3.134214758,0
631,3,31,1.801525184,0,32.94975718,5.719971168,3.346504473,1
632,3,32,1.75335714,0,21.97016419,-9.096559349,-6.722092165,0
633,3,33,1.502512286,0,38.09892865,-2.528890292,-0.520171554,0
634,3,34,2.321659691,0,35.98737039,-3.449464013,8.316516077,1
635,3,35,1.180074629,0,31.42152853,-0.127139925,-0.052254801,0
636,3,36,1.556959025,0,39.90873221,-1.385646123,1.356484374,1
637,3,37,1.491875549,0,29.98419189,-6.294695106,4.275728608,1
638,3,38,1.42086224,0,26.13534984,-1.486159654,7.474724406,1
639,3,39,1.804308169,0,35.85175623,-6.223291449,3.772568126,1
640,3,40,2.879580104,0,25.2133019,-10.1099295,5.495003496,1
641,3,41,1.809047062,0,28.59350835,-8.714331449,3.756057268,1
642,3,42,1.529990611,0,36.3892931,-0.631100743,-3.487538502,0
643,3,43,2.244162735,0,28.94598047,-8.16752401,-2.66865428,0
644,3,44,3.094100263,0,23.71824026,-10.07638194,-2.000347051,0
645,3,45,1.706550972,0,23.17105789,-5.251699908,5.136102824,1
646,3,46,2.054565623,0,30.25690122,-2.572856612,3.174977806,1
647,3,47,2.341334178,0,30.00901636,-9.345355875,2.285916386,1
648,3,48,2.420950707,0,37.89977599,-6.851943024,9.397609035,1
649,3,49,1.48123187,0,27.35514886,6.505865472,0.818717112,1
650,3,50,1.757690627,0,32.72507461,-2.68405281,1.832705019,1
651,3,51,1.357774607,0,29.67847458,1.455699895,-1.735724327,0
652,3,52,2.449674812,0,40.81948622,-1.7911963,-6.082200881,0
653,3,53,1.755787517,0,24.95897687,0.058067871,-0.272948788,0
654,3,54,2.092936405,0,28.99600065,-6.377654524,-4.459976816,0
655,3,55,1.577579856,0,30.98634776,-4.197730154,7.856316476,1
656,3,56,1.938958545,0,30.23855007,-5.624189224,-2.435202814,0
657,3,57,2.41067642,0,25.69707946,-4.473627524,2.427586713,1
658,3,58,2.094811715,0,36.94775799,-9.65615998,-5.759500877,0
659,3,59,0.590529041,0,31.73791661,-1.461044038,2.45419819,1
660,3,60,0.926837909,0,31.03594914,-0.951814966,-5.845931301,0
661,3,61,2.109731074,0,33.26926303,-5.673433154,-5.899864239,0
662,3,62,1.761989554,0,23.64497792,-9.720744735,1.960399762,1
663,3,63,2.588904668,0,32.39938729,-7.628575558,-1.684028112,0
664,3,64,2.28847509,0,26.08732995,-0.97108884,-2.663295405,0
665,3,65,2.217633088,0,26.01851404,-9.732437147,3.313703995,1
666,3,66,2.795217785,0,29.45165337,-9.64964815,5.34398392,1
667,3,67,1.160197925,0,29.30139136,3.342454461,0.359896076,1
668,3,68,1.76516397,0,18.60373341,-1.597577769,6.117188993,1
669,3,69,1.569652318,0,21.87930415,0.541262817,0.868524415,1
670,3,70,1.841891974,0,27.23592145,-5.984424564,4.714896586,1
671,3,71,1.887181303,0,28.51033264,-6.963694613,5.066638373,1
672,3,72,3.279521269,0,27.76539922,-5.080193688,-4.915714635,0
673,3,73,1.840893735,0,30.84157406,3.971017692,-3.785312486,0
674,3,74,2.338049673,0,29.09232811,0.492137842,-1.732270734,0
675,3,75,2.595196053,0,24.40304354,-7.793668908,-7.035645892,0
676,3,76,3.273179704,0,35.52727729,-6.685690064,-4.187314209,0
677,3,77,1.983931487,0,41.07028654,-1.401660698,5.843986398,1
678,3,78,2.232247165,0,32.18774107,-1.037460765,1.066106756,1
679,3,79,1.697886268,0,21.2685369,-5.779561741,3.96763804,1
680,3,80,1.276135991,0,20.4082527,-1.389572851,5.091076799,1
681,3,81,2.146124537,0,37.0782196,0.245819055,-7.02171365,0
682,3,82,1.706575689,0,33.17316065,-1.729157384,-1.439578656,0
683,3,83,2.55091708,0,30.89903055,0.135568241,-3.830591466,0
684,3,84,2.255062531,0,31.56496629,-4.965439108,-4.64286992,0
685,3,85,2.083556968,0,22.48743896,-8.156792636,-1.109638811,0
686,3,86,2.07863335,0,30.0169344,-0.99576138,-3.349152932,0
687,3,87,2.68491296,0,29.62526399,-7.276312767,1.295021316,1
688,3,88,2.47291243,0,31.1930532,-1.378707894,5.142393912,1
689,3,89,1.689307851,0,28.53283107,0.515008376,3.67378218,1
690,3,90,2.386501032,0,35.00726071,-2.447635989,3.897747036,1
691,3,91,1.883230718,0,23.18954879,-2.251965781,-0.132262126,0
692,3,92,2.968529038,0,29.59371179,-3.744533991,0.913659455,1
693,3,93,1.146826837,0,19.02757777,-1.529615358,5.678477207,1
694,3,94,1.985213881,0,26.59437736,-1.60125286,-0.747095465,0
695,3,95,2.248475253,0,21.58943259,-7.379213193,-1.620490033,0
696,3,96,2.462552529,0,23.45840913,-2.342871274,-2.645731909,0
697,3,97,2.030226678,0,24.1569485,-9.950435522,-1.727866226,0
698,3,98,2.068922216,0,30.27557453,2.961823494,8.362228491,1
699,3,99,2.097209035,0,31.09927973,-6.442069486,0.521911867,1
700,3,100,2.445261377,0,37.02448576,2.692732381,-12.39024628,0
701,3,101,2.65733078,0,28.40521409,-10.82715198,1.447376087,1
702,3,102,1.919504384,0,36.82335666,2.386489967,0.561493573,1
703,3,103,1.632590359,0,26.42679052,1.678461433,4.284633555,1
704,3,104,2.482672127,0,28.78894038,-5.121288776,2.134910452,1
705,3,105,1.396249774,0,29.13072226,-1.716197726,-0.316132317,0
706,3,106,1.642383877,0,22.04410075,-4.367624671,-1.101106479,0
707,3,107,2.316557792,0,34.26185073,-8.775116484,-3.329068068,0
708,3,108,1.835651653,0,27.3651244,-5.395007145,2.691863962,1
709,3,109,1.95700929,0,33.91885009,-10.20484178,2.091567529,1
710,3,110,2.751063267,0,24.06815715,-9.814887321,-2.731586275,0
711,3,111,1.599533757,0,25.43848597,-0.109905246,-4.02146524,0
712,3,112,1.800114298,0,34.31073157,0.876391319,-5.906333837,0
713,3,113,2.205748039,0,39.12881569,-7.654894484,-5.658852311,0
714,3,114,2.166252514,0,25.56636738,-3.407904679,3.769786397,1
715,3,115,2.393799083,0,40.40285613,-2.920444589,-0.993197767,0
716,3,116,2.582988194,0,26.70140421,-11.65470202,-3.162040829,0
717,3,117,1.900590261,0,22.20606549,-9.641093573,-2.612715997,0
718,3,118,1.400021322,0,29.78800362,-1.699508247,-0.723605274,0
719,3,119,2.367523263,0,37.14500528,-7.517040424,-1.580682624,0
720,3,120,2.592059074,0,33.69954858,-4.938184375,-6.245350562,0
721,3,121,1.278743745,0,31.29398323,0.324854124,1.818114401,1
722,3,122,2.06745997,0,28.71382267,5.435330232,4.708533721,1
723,3,123,2.861772689,0,25.84665911,-9.315924147,-0.268350614,0
724,3,124,1.982819446,0,24.81413554,1.461047002,-0.556535134,0
725,3,125,2.398447921,0,29.52059087,-6.541708695,1.872188125,1
726,3,126,2.173335686,0,25.11073533,-8.09329843,-7.089735024,0
727,3,127,2.790758856,0,25.5995112,-4.746107771,0.864536138,1
728,3,128,2.157850802,0,33.91010565,-0.882878245,11.76523423,1
729,3,129,2.245473753,0,22.61122643,-9.30724417,-2.204336435,0
730,3,130,1.34198052,0,20.21866051,-0.255612702,7.101197556,1
731,3,131,1.918691579,0,40.20751169,-2.948409308,4.82363044,1
732,3,132,1.677151147,0,25.41179942,-6.068613682,-3.572684892,0
733,3,133,1.667933035,0,31.33778888,1.661844867,-3.309845653,0
734,3,134,2.595907459,0,26.11193188,-5.113418585,-6.149804728,0
735,3,135,2.088690791,0,26.48597443,-7.194164799,-2.713851038,0
736,3,136,1.864355001,0,32.497312,-5.65325108,0.182800471,1
737,3,137,1.916195354,0,26.1697303,-7.910385432,-2.935732865,0
738,3,138,3.186396509,0,23.28740478,-8.814620506,-5.797459097,0
739,3,139,1.554349932,0,27.6127789,2.392752731,-2.246287904,0
740,3,140,0.71271272,0,34.53263318,-2.681615469,3.679650941,1
741,3,141,2.031416162,0,21.70827545,-5.087228721,-2.877338031,0
742,3,142,1.757641564,0,26.13178018,3.244533042,-4.669939244,0
743,3,143,1.661891241,0,32.39611532,-7.049739918,-4.800660694,0
744,3,144,1.516275534,0,29.54723001,-1.29589832,-5.705490774,0
745,3,145,2.78173683,0,36.50000828,-6.727135406,4.326667883,1
746,3,146,2.4739901,0,29.08540966,-2.442135951,7.801423713,1
747,3,147,2.116325164,0,28.33010447,-13.21819316,-1.56178765,0
748,3,148,1.282200094,0,35.01888746,-5.075015368,1.993691516,1
749,3,149,2.191040962,0,27.16482167,-8.321042133,-3.379570549,0
750,3,150,1.654657658,0,36.30789517,-3.406134184,1.440255145,1
751,3,151,1.50450702,1,24.93111607,-6.093350717,-4.090341047,0
752,3,152,2.618263716,1,29.92305817,-4.410932977,-7.239865113,0
753,3,153,2.115235625,1,40.98532908,-6.867005032,-6.271305523,0
754,3,154,2.614614707,1,22.08712472,-12.04015808,-4.032671324,0
755,3,155,1.78475863,1,30.93122572,-6.428168579,-2.471091763,0
756,3,156,1.689546778,1,31.23440113,-6.644689283,-3.489477014,0
757,3,157,1.8023201,1,26.08717835,-2.999005451,0.70576688,1
758,3,158,2.796794954,1,36.94341718,-7.238760746,7.578606025,1
759,3,159,2.991679567,1,24.48015059,-5.715562046,7.250347341,1
760,3,160,1.626289576,1,43.4982217,-7.38675468,0.663949012,1
761,3,161,2.226287728,1,34.86822787,-0.717068014,-4.634534264,0
762,3,162,2.282757215,1,26.78112107,-6.239632655,-2.068894109,0
763,3,163,2.368127517,1,35.31361538,-5.907087679,0.885475415,1
764,3,164,1.362825296,1,31.78132911,1.326611674,-2.33320481,0
765,3,165,2.36711576,1,28.19652322,-0.371782083,-3.857294372,0
766,3,166,3.527963728,1,30.59482925,-2.836819394,6.51648967,1
767,3,167,2.763751404,1,24.03657282,-1.040995248,-3.347488062,0
768,3,168,1.785803226,1,30.8639717,-4.881504692,5.995348948,1
769,3,169,1.994466389,1,32.15701512,0.930835735,-0.027395492,0
770,3,170,0.790401844,1,22.59169824,-3.492741164,2.790026623,1
771,3,171,1.672399596,1,35.56167293,-4.124550776,0.436371406,1
772,3,172,1.410553944,1,29.40501985,-1.935769058,-4.659198535,0
773,3,173,2.1776488,1,12.94899949,-7.951270488,2.672481168,1
774,3,174,1.323140154,1,21.67020612,4.593389323,-4.241660249,0
775,3,175,2.469575303,1,35.64671022,-9.488060742,-6.191720502,0
776,3,176,1.817270386,1,35.53602107,-2.537579641,1.790013032,1
777,3,177,2.178331253,1,26.65563392,-7.981870261,-1.52809273,0
778,3,178,2.347272728,1,29.23670573,-1.784922803,1.026284833,1
779,3,179,3.004084004,1,28.82569854,-8.860861166,1.118948757,1
780,3,180,2.029083372,1,26.93366334,-5.699962691,4.182844685,1
781,3,181,1.519792901,1,23.80603502,-3.412543222,-5.614142198,0
782,3,182,1.759786471,1,38.59250989,-1.438551377,5.071499153,1
783,3,183,2.513327676,1,23.89204269,-6.354554676,-2.836808942,0
784,3,184,2.389998481,1,32.18109184,-2.794565191,-6.175308033,0
785,3,185,2.078485976,1,23.33056108,-5.666496566,4.25634961,1
786,3,186,2.59698369,1,32.21795724,-6.580212456,-1.511089298,0
787,3,187,2.78516343,1,27.59517263,-6.938595931,-6.578944974,0
788,3,188,0.745927364,1,26.63777136,-4.19952949,1.54249862,1
789,3,189,1.682702489,1,17.30372199,-4.68569449,-6.327785994,0
790,3,190,2.552315059,1,27.13777389,-8.981669954,-5.338565272,0
791,3,191,2.4809654,1,27.10190278,-10.52058235,1.632527043,1
792,3,192,2.213047827,1,26.40801604,-5.234803601,-5.168491928,0
793,3,193,1.724371638,1,28.49321136,-0.172356265,0.673085083,1
794,3,194,1.621747105,1,27.43458176,-9.250049218,-2.118355506,0
795,3,195,1.795495056,1,26.84756923,0.751491097,-2.247399961,0
796,3,196,1.974831741,1,37.92187803,4.224647918,6.115237209,1
797,3,197,1.653684858,1,30.05279787,-0.50028508,1.214130911,1
798,3,198,2.622450745,1,24.19118269,-9.125625506,1.539327522,1
799,3,199,1.717420419,1,27.74834598,-3.69574164,4.010027426,1
800,3,200,1.510283551,1,32.95040819,-1.626913099,-2.992909309,0
801,3,201,2.052051609,1,29.01907415,-5.238561486,0.376136395,1
802,3,202,2.416849021,1,33.82102087,-8.326285906,3.845755742,1
803,3,203,1.950479828,1,37.87520118,1.75032988,0.505024612,1
804,3,204,1.887504539,1,27.50712655,-3.902935078,-1.362371832,0
805,3,205,1.828023433,1,34.16615998,-5.746146675,1.408054992,1
806,3,206,1.811812389,1,25.87173844,1.842724946,-9.471470675,0
807,3,207,2.466823594,1,34.9700611,-4.491003241,2.837071033,1
808,3,208,2.115194612,1,38.82301588,-3.455820342,-4.12108273,0
809,3,209,2.036887938,1,40.36904277,-4.085750925,9.385835107,1
810,3,210,2.127513424,1,28.24923375,-5.475876049,1.353382613,1
811,3,211,1.626664709,1,35.0454218,-2.492719305,-6.461227239,0
812,3,212,1.241355703,1,23.23980678,-7.976544959,-4.598577309,0
813,3,213,1.746601085,1,35.17494979,0.129009103,0.602439399,1
814,3,214,2.074614957,1,21.82802215,-1.689433703,-1.74971187,0
815,3,215,1.336293868,1,24.31203864,-2.845429883,9.667429686,1
816,3,216,3.196274307,1,25.50540982,-8.192091699,2.777578067,1
817,3,217,1.612190412,1,28.59536569,-7.557480672,0.214533204,1
818,3,218,2.678647075,1,35.65611659,-10.33424473,3.697237904,1
819,3,219,1.972551737,1,30.43082266,-8.89390476,-5.330253633,0
820,3,220,1.858161091,1,29.41144802,-5.121669535,-0.359546455,0
821,3,221,2.487408746,1,36.0558183,-0.310234691,-6.817158453,0
822,3,222,2.68004924,1,36.4824262,-5.670458103,-0.973590807,0
823,3,223,2.004521822,1,33.00161954,-17.13802723,-0.290020009,0
824,3,224,2.361482496,1,26.82530463,-6.681346661,0.61895961,1
825,3,225,1.593550586,1,33.89955059,4.128937937,-0.207511246,0
826,3,226,1.930707408,1,27.11865431,-7.654033775,-2.197805574,0
827,3,227,2.45315786,1,24.92806563,-2.912566827,4.501722199,1
828,3,228,1.8106943,1,29.61140997,1.311990577,-5.739249661,0
829,3,229,2.208487782,1,25.51806736,-1.906793376,4.449646347,1
830,3,230,1.874887076,1,31.64544191,-7.458791074,-2.384526517,0
831,3,231,1.53717737,1,39.7881829,-6.42200138,-4.585064198,0
832,3,232,1.037259818,1,23.2760267,-0.5568285,-1.532773199,0
833,3,233,1.770339803,1,24.94885132,-2.271157432,3.301471822,1
834,3,234,1.52371686,1,28.86747657,-0.790755633,1.720334065,1
835,3,235,2.36275363,1,24.48708029,-8.666867972,-0.930499722,0
836,3,236,2.783031993,1,31.41398766,-4.504618583,-0.749935635,0
837,3,237,2.684325703,1,28.88008148,-2.348057412,-3.153337706,0
838,3,238,2.558949143,1,28.14557262,-2.868210556,-3.849781088,0
839,3,239,2.644756675,1,30.11213543,1.885237147,2.216664947,1
840,3,240,2.201072159,1,30.65837543,-2.573267158,7.014425854,1
841,3,241,1.372820754,1,27.34223081,5.92889061,-6.595902228,0
842,3,242,1.645423733,1,30.83466881,-2.454857745,5.14779898,1
843,3,243,2.978440711,1,30.29884146,-6.945145033,-4.603677816,0
844,3,244,2.220520023,1,29.73073015,-0.710747273,-7.348810069,0
845,3,245,2.078306927,1,26.08781165,-2.105109405,0.23574808,1
846,3,246,1.31238866,1,29.01781554,3.035435425,0.826947358,1
847,3,247,2.549584722,1,36.57587418,3.108309543,-4.006017546,0
848,3,248,1.284130043,1,18.76290489,-1.936153269,0.2160771,1
849,3,249,2.70159358,1,29.50336133,-0.722880267,-2.173126265,0
850,3,250,2.171848055,1,29.63876211,0.365457401,-5.674078613,0
851,3,251,2.413041153,1,27.64919421,-13.50038508,0.733982131,1
852,3,252,2.125429694,1,29.6614032,-9.583974414,3.437123546,1
853,3,253,2.450468279,1,34.31758554,-7.719199357,3.808935708,1
854,3,254,1.685848808,1,34.02522757,3.78082671,2.584836748,1
855,3,255,2.07794081,1,22.88785239,-6.399372365,7.664752447,1
856,3,256,0.175075909,1,29.03270603,-5.087694669,-1.327001235,0
857,3,257,2.101664332,1,33.97354272,-9.36539124,-2.239175837,0
858,3,258,2.602159423,1,31.4343278,-1.398119446,-5.137845126,0
859,3,259,2.386256555,1,32.29514479,-6.334067586,0.148723247,1
860,3,260,1.384379253,1,34.24114694,-2.499211076,2.974335626,1
861,3,261,1.64449102,1,22.98516424,-1.207556718,3.597669596,1
862,3,262,1.784127695,1,31.90897425,0.792060299,1.656979258,1
863,3,263,2.100273559,1,28.07563991,-1.855870484,1.978955787,1
864,3,264,0.67028511,1,29.56254368,-8.029670622,-7.785357103,0
865,3,265,2.118086199,1,24.91890449,-0.691277458,-3.912179784,0
866,3,266,1.581508651,1,21.73703532,2.5160831,6.331385051,1
867,3,267,1.916530944,1,34.6293156,-1.839466779,0.302791774,1
868,3,268,1.827602919,1,31.87705816,-0.516719007,-5.284188618,0
869,3,269,2.461255755,1,24.78888594,-0.770082969,4.611885628,1
870,3,270,0.721723734,1,29.3330561,4.210946776,1.112495024,1
871,3,271,2.201028581,1,26.29817605,-7.986700847,-1.446696541,0
872,3,272,2.962279194,1,30.80465865,-7.805577097,7.177648748,1
873,3,273,1.703450747,1,32.4013914,-5.700818223,-0.740383388,0
874,3,274,1.70535108,1,32.47222941,3.170353883,0.693252006,1
875,3,275,1.434908794,1,32.56142868,-0.480100715,-4.444883821,0
876,3,276,1.962117806,1,25.63746373,-0.730972165,3.50916106,1
877,3,277,2.585333295,1,13.63296265,-0.678890351,5.912078616,1
878,3,278,3.646100408,1,31.88906213,-8.675175685,-2.136625591,0
879,3,279,2.069263702,1,36.78477571,3.908003888,-1.029860492,0
880,3,280,1.947049123,1,27.85054324,1.619956977,2.442926145,1
881,3,281,1.760331502,1,22.56882719,-4.034349656,-0.853912264,0
882,3,282,1.980110862,1,26.90082709,-1.352902944,4.993502148,1
883,3,283,1.502064487,1,17.7440607,-7.477804737,1.487310272,1
884,3,284,1.334598347,1,27.12076543,-4.624109237,-4.024783792,0
885,3,285,1.771326736,1,23.95377739,-0.82461873,2.207656628,1
886,3,286,1.904569774,1,33.90611589,2.130261816,3.463159837,1
887,3,287,2.026160725,1,23.11749319,-3.466760375,4.492979728,1
888,3,288,2.092275427,1,26.78808767,-0.600862552,-0.561291677,0
889,3,289,1.488264507,1,38.22825781,-2.556869108,-2.1027552,0
890,3,290,1.890347026,1,28.9486423,3.490832846,0.071741086,1
891,3,291,2.492061651,1,29.39806408,-5.419889222,-2.402216809,0
892,3,292,1.494035566,1,34.46789414,-2.797051711,5.079401082,1
893,3,293,1.748953703,1,31.80350676,-2.167520261,10.52476932,1
894,3,294,2.33351186,1,27.81651196,-8.509472129,1.718133963,1
895,3,295,1.75531338,1,25.54350175,-2.197235351,-0.397888307,0
896,3,296,1.446103067,1,18.74474407,-0.775082846,3.992265065,1
897,3,297,2.604619458,1,28.10625713,-2.254144514,0.453791715,1
898,3,298,2.841171277,1,27.91081523,-13.37007001,-4.698315226,0
899,3,299,1.443948023,1,29.7536976,-2.779765229,1.600216824,1
900,3,300,0.862033548,1,39.99735314,-5.599800826,-3.540587782,0